 [
    {
        "id": 0,
        "title": "Explore Our Beaches",
        "intro_desc": "<p>Select a marker on the map to learn more about a specific beach.</p>\r\n",
        "intro_image_url": "https://www.visitfortmyers.com/sites/default/files/images/51827-10108.jpg"
      },
   
    {
        "id": 1,
        "title": "Boca Grande Beach ",
        "description": "<p>Boca Grande offers several beach access points to enjoy the beautiful beaches of Gasparilla Island.&nbsp;</p>\r\n",
        "cta": {
            "uri": "/beaches/boca-grande-beach-accesses",
            "title": "Learn More"
        },
        "geolocation": {
            "lat": "26.7583",
            "lng": "-82.2646",
            "lat_sin": 0.45022779532282553,
            "lat_cos": 0.8929137317337817,
            "lng_rad": -1.4357881278361273
        },
        "related_neighborhood": {
            "title": "Boca Grande & Outer Islands",
            "path": "/neighborhoods/boca-grande-and-outer-islands"
        },
        "image": [
            "https://www.visitfortmyers.com/sites/default/files/2021-12/amy_in_florida-Instagram-2653-ig-18030604084285766.jpg"
        ]
    },
    {
        "id": 2,
        "title": "Gasparilla Island State Park",
        "description": "<p>On the southern end of Gasparilla Island, the highlight of this state park is the historic Port Boca Grande Lighthouse. Originally built in 1890, this beautifully preserved lighthouse is also a museum.</p>\r\n",
        "cta": {
            "uri": "/beaches/gasparilla-island-state-park",
            "title": "Learn More"
        },
        "geolocation": {
            "lat": "26.7283715",
            "lng": "-82.2611628",
            "lat_sin": 0.4497613196613093,
            "lat_cos": 0.89314878678556,
            "lng_rad": -1.4357281373790776
        },
        "related_neighborhood": {
            "title": "Boca Grande & Outer Islands",
            "path": "/neighborhoods/boca-grande-and-outer-islands"
        },
        "image": [
            "https://www.visitfortmyers.com/sites/default/files/2021-12/Boca%20Grande%20Lighthouse%20and%20beach%20%285%29.jpg"
        ]
    },
    {
        "id": 3,
        "title": "Cayo Costa State Park",
        "description": "<p><strong>Currently Closed</strong></p>\r\n\r\n<p>Accessible only by boat, Cayo Costa is a natural island with 9 miles of secluded beaches. Known for its pristine shells, the state park also features tent camping sites and primitive cabins near the beach.</p>\r\n",
        "cta": {
            "uri": null,
            "title": null
        },
        "geolocation": {
            "lat": "26.687",
            "lng": "-82.2517",
            "lat_sin": 0.4491162875138849,
            "lat_cos": 0.8934733125783587,
            "lng_rad": -1.43556298036262
        },
        "related_neighborhood": {
            "title": "Boca Grande & Outer Islands",
            "path": "/neighborhoods/boca-grande-and-outer-islands"
        },
        "image": [
            "https://www.visitfortmyers.com/sites/default/files/2021-12/Beach%20on%20Cayo%20Costa%20%281%29.jpg"
        ]
    },
    {
        "id": 4,
        "title": "Alison Hagerup Beach Park",
        "description": "<p>This beach park, also known as Captiva Beach, has been called \"one of the most romantic beaches.\" You won't want to miss the amazing sunset views.</p>\r\n",
        "cta": {
            "uri": "/beaches/alison-hagerup-beach-park",
            "title": "Learn More"
        },
        "geolocation": {
            "lat": "26.5261834",
            "lng": "-82.193837",
            "lat_sin": 0.44660673946120494,
            "lat_cos": 0.8947303617670697,
            "lng_rad": -1.4345530804975386
        },
        "related_neighborhood": {
            "title": "Captiva Island",
            "path": "/neighborhoods/captiva-island"
        },
        "image": [
            "https://www.visitfortmyers.com/sites/default/files/2021-12/CaptivaDSCF5851.jpg"
        ]
    },
    {
        "id": 5,
        "title": "Turner Beach",
        "description": "<p>A seashell haven and a fishing hot spot. This stretch of sand is the first beach you see upon entering Captiva Island. Located on the north side of Blind Pass bridge, seashells blanket the shoreline and a small jetty guides boats through the Pass.&nbsp;</p>\r\n",
        "cta": {
            "uri": "/beaches/turner-beach",
            "title": "Learn More"
        },
        "geolocation": {
            "lat": "26.48302",
            "lng": "-82.18347",
            "lat_sin": 0.44593257354012844,
            "lat_cos": 0.8950665561040017,
            "lng_rad": -1.4343721422139841
        },
        "related_neighborhood": {
            "title": "Captiva Island",
            "path": "/neighborhoods/captiva-island"
        },
        "image": [
            "https://www.visitfortmyers.com/sites/default/files/2021-12/Turner%20Beach.jpg"
        ]
    },
    {
        "id": 6,
        "title": "Blind Pass Beach Park",
        "description": "<p>Positioned on the south side of the Blind Pass Bridge on Sanibel Island, this stretch of beach is a popular spot for seashells.</p>\r\n",
        "cta": {
            "uri": "/beaches/blind-pass-beach-park",
            "title": "Learn More"
        },
        "geolocation": {
            "lat": "26.48175",
            "lng": "-82.18179",
            "lat_sin": 0.44591273367037865,
            "lat_cos": 0.8950764402835156,
            "lng_rad": -1.4343428206825508
        },
        "related_neighborhood": {
            "title": "Sanibel Island",
            "path": "/neighborhoods/sanibel-island"
        },
        "image": [
            "https://www.visitfortmyers.com/sites/default/files/2021-12/32%20Blind%20Pass%20Beach%20Captiva_WEB.jpg"
        ]
    },
    {
        "id": 7,
        "title": "Bowman's Beach Park",
        "description": "<p>A popular beach on Sanibel Island. This picturesque stretch of shoreline is known for it's shells, along with short walking trails, picnic areas and a children's playground.&nbsp;</p>\r\n",
        "cta": {
            "uri": "/beaches/bowmans-beach-park",
            "title": "Learn More"
        },
        "geolocation": {
            "lat": "26.4702",
            "lng": "-82.1734",
            "lat_sin": 0.4457322901540273,
            "lat_cos": 0.8951663116505479,
            "lng_rad": -1.4341963875583084
        },
        "related_neighborhood": {
            "title": "Sanibel Island",
            "path": "/neighborhoods/sanibel-island"
        },
        "image": [
            "https://www.visitfortmyers.com/sites/default/files/2021-12/BFMS_bowmans%20%281%29.jpg"
        ]
    },
    {
        "id": 8,
        "title": "Tarpon Bay Beach",
        "description": "<p>This beautiful beach on Sanibel Island is just a short walk from a public parking lot. It offers nice amenities and is in close proximity to island walking and nature trails.</p>\r\n",
        "cta": {
            "uri": "/beaches/tarpon-bay-beach",
            "title": "Learn More"
        },
        "geolocation": {
            "lat": "26.4232854",
            "lng": "-82.0822294",
            "lat_sin": 0.4449991658931363,
            "lat_cos": 0.8955309834698144,
            "lng_rad": -1.4326051604072896
        },
        "related_neighborhood": {
            "title": "Sanibel Island",
            "path": "/neighborhoods/sanibel-island"
        },
        "image": [
            "https://www.visitfortmyers.com/sites/default/files/2021-12/SunsetBeachWavesSky_Sanibel_beccabydesign_2021_05.jpg"
        ]
    },
    {
        "id": 9,
        "title": "Gulfside City Beach Park",
        "description": "<p>Known locally as Algiers Beach, this stretch of Sanibel Island is a beautiful place to relax. A loop trail offers an interpretive nature walk, and leashed pets are welcome.</p>\r\n",
        "cta": {
            "uri": "/beaches/gulfside-city-beach-park",
            "title": "Learn More"
        },
        "geolocation": {
            "lat": "26.4254408",
            "lng": "-82.0682641",
            "lat_sin": 0.4450328544031217,
            "lat_cos": 0.8955142424896491,
            "lng_rad": -1.4323614199412606
        },
        "related_neighborhood": {
            "title": "Sanibel Island",
            "path": "/neighborhoods/sanibel-island"
        },
        "image": [
            "https://www.visitfortmyers.com/sites/default/files/2021-12/tala.91-Instagram-2653-ig-18027563617160231.jpg"
        ]
    },
    {
        "id": 10,
        "title": "Lighthouse Beach Park",
        "description": "<p><strong>Currently Closed</strong></p>\r\n",
        "cta": {
            "uri": null,
            "title": null
        },
        "geolocation": {
            "lat": "26.45266",
            "lng": "-82.01566",
            "lat_sin": 0.4454582313370997,
            "lat_cos": 0.8953027220633382,
            "lng_rad": -1.4314433051962125
        },
        "related_neighborhood": {
            "title": "Sanibel Island",
            "path": "/neighborhoods/sanibel-island"
        },
        "image": [
            "https://www.visitfortmyers.com/sites/default/files/2021-12/Sanibel%20Lighthouse%20horizontal_WEB.jpg"
        ]
    },
    {
        "id": 11,
        "title": "Causeway Islands Park",
        "description": "<p><strong>Currently Closed</strong></p>\r\n\r\n<p>This beach park along the Sanibel Causeway bridge provides easy access for vehicles to pull right up to the water's edge. This is a popular spot for swimming, fishing, windsurfing, and enjoying a picnic.</p>\r\n",
        "cta": {
            "uri": null,
            "title": null
        },
        "geolocation": {
            "lat": "26.4677",
            "lng": "-82.0299",
            "lat_sin": 0.4456932307310059,
            "lat_cos": 0.8951857595385208,
            "lng_rad": -1.4316918400816965
        },
        "related_neighborhood": {
            "title": "Sanibel Island",
            "path": "/neighborhoods/sanibel-island"
        },
        "image": [
            "https://www.visitfortmyers.com/sites/default/files/2021-12/Sanibel%20causeway%20at%20punta%20rassa%20boat%20ramp_WEB.jpg"
        ]
    },
    {
        "id": 12,
        "title": "Yacht Club Beach",
        "description": "<p><strong>Currently Closed</strong></p>\r\n\r\n<p>Located on the Caloosahatchee River in Cape Coral, the Yacht Club Community Park offers a public beach, fishing pier, playground and waterfront restaurant.</p>\r\n",
        "cta": {
            "uri": null,
            "title": null
        },
        "geolocation": {
            "lat": "26.5423669",
            "lng": "-81.9538707",
            "lat_sin": 0.44685944302845715,
            "lat_cos": 0.8946041796103442,
            "lng_rad": -1.43036487846871
        },
        "related_neighborhood": {
            "title": "Cape Coral",
            "path": "/neighborhoods/cape-coral"
        },
        "image": [
            "https://www.visitfortmyers.com/sites/default/files/2021-12/yodamacb-instagram-3660539856-1.jpg"
        ]
    },
    {
        "id": 13,
        "title": "Bunche Beach",
        "description": "<p>Located in Fort Myers near the Sanibel Causeway, this is a popular spot for swimming, fishing and birdwatching. Kayak rentals and a paddlecraft launch are also available here.</p>\r\n",
        "cta": {
            "uri": "/beaches/bunche-beach",
            "title": "Learn More"
        },
        "geolocation": {
            "lat": "26.4806",
            "lng": "-81.9638",
            "lat_sin": 0.44589476824497937,
            "lat_cos": 0.8950853901454073,
            "lng_rad": -1.4305381774461285
        },
        "related_neighborhood": {
            "title": "Fort Myers Beach",
            "path": "/neighborhoods/fort-myers-beach"
        },
        "image": [
            "https://www.visitfortmyers.com/sites/default/files/2021-12/Bunche%20DSCF7049_WEB.jpg"
        ]
    },
    {
        "id": 14,
        "title": "Bowditch Point Park",
        "description": "<p><strong>Currently Closed</strong></p>\r\n\r\n<p>Located on the northern tip of Fort Myers Beach, this 17-acre beach park includes beach access on the Gulf and back bay, along with hiking trails, picnic areas and a free public boat dock.&nbsp;</p>\r\n",
        "cta": {
            "uri": null,
            "title": null
        },
        "geolocation": {
            "lat": "26.46412",
            "lng": "-81.96683",
            "lat_sin": 0.4456372961596903,
            "lat_cos": 0.8952136059463577,
            "lng_rad": -1.4305910609224637
        },
        "related_neighborhood": {
            "title": "Fort Myers Beach",
            "path": "/neighborhoods/fort-myers-beach"
        },
        "image": [
            "https://www.visitfortmyers.com/sites/default/files/2021-12/Bowditch%20BRAND%20DSCF6770_WEB.jpg"
        ]
    },
    {
        "id": 15,
        "title": "Lynn Hall Memorial Park",
        "description": "<p>A beachfront park at the heart of Fort Myers Beach. Located next to Times Square and the Fort Myer Beach Pier.</p>\r\n",
        "cta": {
            "uri": "/beaches/lynn-hall-memorial-park",
            "title": "Learn More"
        },
        "geolocation": {
            "lat": "26.45382",
            "lng": "-81.95712",
            "lat_sin": 0.44547635738295366,
            "lat_cos": 0.8952937032129819,
            "lng_rad": -1.430421589452095
        },
        "related_neighborhood": {
            "title": "Fort Myers Beach",
            "path": "/neighborhoods/fort-myers-beach"
        },
        "image": [
            "https://www.visitfortmyers.com/sites/default/files/2021-12/Lynn%20Hall%20Memorial%20Park_WEB.jpg"
        ]
    },
    {
        "id": 16,
        "title": "Crescent Beach Family Park",
        "description": "<p><strong>Currently Closed</strong></p>\r\n\r\n<p>This beach park on Fort Myers Beach sits at the foot of the Matanzas Pass Bridge, mere steps from the shops and restaurants of Times Square and the Fort Myers Beach Pier.</p>\r\n",
        "cta": {
            "uri": null,
            "title": null
        },
        "geolocation": {
            "lat": "26.45239",
            "lng": "-81.95483",
            "lat_sin": 0.44545401231747206,
            "lat_cos": 0.895304821225858,
            "lng_rad": -1.4303816214122242
        },
        "related_neighborhood": {
            "title": "Boca Grande & Outer Islands",
            "path": "/neighborhoods/boca-grande-and-outer-islands"
        },
        "image": [
            "https://www.visitfortmyers.com/sites/default/files/2021-12/trekofjoy-Instagram-Crescent%20%20Beach01817.jpg"
        ]
    },
    {
        "id": 17,
        "title": "Newton Beach Park",
        "description": "<p><strong>Currently Closed</strong></p>\r\n\r\n<p>Small beachfront park on Fort Myers Beach with historic cottage.</p>\r\n",
        "cta": {
            "uri": null,
            "title": null
        },
        "geolocation": {
            "lat": "26.4367449",
            "lng": "-81.9242102",
            "lat_sin": 0.4452095251161553,
            "lat_cos": 0.8954264228544115,
            "lng_rad": -1.4298472050859223
        },
        "related_neighborhood": {
            "title": "Fort Myers Beach",
            "path": "/neighborhoods/fort-myers-beach"
        },
        "image": [
            "https://www.visitfortmyers.com/sites/default/files/images/newton-beach-park_2.jpg"
        ]
    },
    {
        "id": 18,
        "title": "Lovers Key State Park",
        "description": "<p><strong>Currently Closed</strong></p>\r\n\r\n<p>Two miles of beach offers plenty of space to relax, but there are also endless activities to enjoy. Hike or bike the multiuse trails, or explore serene canals and lagoons by kayak or paddleboard.&nbsp;</p>\r\n",
        "cta": {
            "uri": null,
            "title": null
        },
        "geolocation": {
            "lat": "26.3912",
            "lng": "-81.8781",
            "lat_sin": 0.44449760249067927,
            "lat_cos": 0.8957800407354688,
            "lng_rad": -1.4290424302771692
        },
        "related_neighborhood": {
            "title": "Fort Myers Beach",
            "path": "/neighborhoods/fort-myers-beach"
        },
        "image": [
            "https://www.visitfortmyers.com/sites/default/files/2021-12/Lovers%20Key_F_C5A6794_WEB.jpg"
        ]
    },
    {
        "id": 19,
        "title": "Dog Beach Park",
        "description": "<p>Located in Bonita Springs just south of Lovers Key State Park, dogs (and their owners) can run off leash in the calm waters of the back bay.&nbsp;</p>\r\n",
        "cta": {
            "uri": "/beaches/dog-beach-park",
            "title": "Learn More"
        },
        "geolocation": {
            "lat": "26.3795647",
            "lng": "-81.8631517",
            "lat_sin": 0.4443156834268124,
            "lat_cos": 0.8958702883012499,
            "lng_rad": -1.4287815332245932
        },
        "related_neighborhood": {
            "title": "Bonita Springs & Estero",
            "path": "/neighborhoods/bonita-springs-and-estero"
        },
        "image": [
            "https://www.visitfortmyers.com/sites/default/files/2021-12/Dog%20Beach_1_Bonita%20Springs_Jason%20Boeckman_0.jpg"
        ]
    },
    {
        "id": 20,
        "title": "Little Hickory Island Park",
        "description": "<p><strong>Currently Closed</strong></p>\r\n\r\n<p>Located on a small island in Bonita Springs, this secluded park is quaint and is just down the road from nearby Bonita Beach.</p>\r\n",
        "cta": {
            "uri": null,
            "title": null
        },
        "geolocation": {
            "lat": "26.3585",
            "lng": "-81.8594",
            "lat_sin": 0.4439862881541239,
            "lat_cos": 0.8960335796894686,
            "lng_rad": -1.428716053707046
        },
        "related_neighborhood": {
            "title": "Bonita Springs & Estero",
            "path": "/neighborhoods/bonita-springs-and-estero"
        },
        "image": [
            "https://www.visitfortmyers.com/sites/default/files/2021-12/Big%20hickory%20Island%20Bonita%20Springs_WEB.jpg"
        ]
    },
    {
        "id": 21,
        "title": "Bonita Beach Park",
        "description": "<p>Located on Little Hickory Island between Fort Myers Beach and Bonita Springs, this popular beachfront park features swimming, sheltered picnic areas, a sand volleyball court, and a nearby beachfront restaurant just steps away on the sand.</p>\r\n",
        "cta": {
            "uri": "/beaches/bonita-beach-park",
            "title": "Learn More"
        },
        "geolocation": {
            "lat": "26.33105",
            "lng": "-81.84563",
            "lat_sin": 0.443556953908487,
            "lat_cos": 0.8962461875173721,
            "lng_rad": -1.4284757218690465
        },
        "related_neighborhood": {
            "title": "Bonita Springs & Estero",
            "path": "/neighborhoods/bonita-springs-and-estero"
        },
        "image": [
            "https://www.visitfortmyers.com/sites/default/files/2021-12/genovaflorida-Instagram-2653-ig-17863168276723593.jpg"
        ]
    }
]